Indicators;c1e;c2e;c3e;c4e;c5e;c1d;c2d;c3d;c4d;c5d;from;to;remarks
Carrying capacity overload;1;0.75;;;;;;;;;-2200;-1900;
Offensive weapons;;;1;0.2;;;;;;;-2200;-1800;
Uniform appearance of the groups;;0.5;0.75;;;;;;;;-2200;-1900;
Horizons of destruction;;;;;0.1;;;;;;-2450;-2220;uncertain
Ritual places for identity construction;;;0.5;;;0.75;1;;;;-2100;-1700;
Division of labor;;;;;;1;0.5;;;;-1900;-1700;
Linear fortifications;;;;;;;;1;;;-1900;-1700;
Public places for identity construction;;;0.5;;;0.75;1;;;;-2100;-1700;
Monuments as symbols of institutions;;;;;;0.5;1;;;;-2100;-1700;
Fortifications (enclosing);;;;;;0.5;0.5;1;;;-1900;-1800;
Standardized sign system (writing);;0.5;0.75;;;0.5;0.1;;;;-1900;-1700;
Higher population density;;1;0.25;;;;;;;;-2200;-1900;
