;c1e;c2e;c3e;c4e;c5e;c1d;c2d;c3d;c4d;c5d;from;to;remarks
Weapons_1;;;1;1;;;;;;0;-2200;-1600;2200-1600 BC
Weapons_2;;;1;1;;;;;;0;-850;-500;850-500 BC
Fortified settlements_1;;;1;;;0.5;1;;;0;-2200;-1600;2200-1600 BC
Fortified settlements_2;;;1;;;0.5;1;;;0;-1000;-500;1000-500 BC
Projectiles_1;;;;1;0.25;;;;;0;-2100;-1600;2100-1600 BC
Projectiles_2;;;;1;0.25;;;;;0;-1300;-1100;1300-1100 BC
Projectiles_3;;;;1;0.25;;;;;0;-800;-500;800-500 BC
Biskupin-type settlements;;;1;1;;1;1;;;0;-850;-620;850-620 BC
Attack scenario_1;;;;1;0.5;;;;;0;-1650;-620;1650 BC
Attack scenario_2;;;;1;0.5;;;;;0;-730;-620;730-620 BC
Massive expansion of the fortifications;;;1;1;0.25;0.5;1;;;0;-800;-500;800-500 BC
Burned horizons_1;;;;;1;;;;;0;-1650;-1650;1650 BC
Burned horizons_2;;;;;1;;;;;0;-650;-500;650-500 BC
Boundary control trade;0.5;0.5;;;;1;1;;;0;-2100;-1600;2100-1600 BC
Boundary protection from the east;0.75;0.5;;;;;1;;;0;-2100;-1600;2100-1600 BC
Violent end to the settlement;;;;;1;;;;;0;-1650;-1650;1650 BC
Hiatus;;;;;0.25;;;;1;0;-1600;-1450;1600-1450 BC
Without fortified settlements;;;;;;1;;1;;0;-1600;-1100;1600-1100 BC
Major changes;1;;;;;;;;;0;-1300;-1100;1300-1100 BC
New exchange networks ;;;;;;1;;;;0;-1300;-1100;1300-1100 BC
Changed subsistence strategy;;;;;;1;;;;0;-1250;-500;1300/1200  BC onwards
Defensive weapons;;;1;0.75;;;;;;0;-1100;-500;1100 BC onwards
Weapons increasingly found in depositions;;;;;;;;1;;0;-1100;-500;1100 BC onwards
Battle of Tollense Valley;;;;1;0.5;;;;;0;-1250;-1250;1250 BC
Palisade of Dyrotz;0.75;1;;;;;1;;;0;-1213;-1213;1213 BC (dendro) 
Construction of fortified sites resumed;;;1;;;0.5;1;;;0;-1000;-500;1000-500 BC
Metalworking and import finds;;;;;;0.5;;;;0;-1000;-500;1000-500 BC
Burning horizons;;;;1;1;;;;;0;-620;-500;620-500 BC
Ideal of warriors;;;1;0.75;;;0.5;;;0;-800;-620;800-620 BC
