Indicators;c1e;c2e;c3e;c4e;c5e;c1d;c2d;c3d;c4d;c5d;from;to;remarks
Trade;0.75;0.5;0;0;0;0.75;0.75;;0;0;800;1066;
Horizon of destruction;1;1;1;1;1;0;0;0;;0;1066;1066;
Relocation of the site;0.5;0.25;0.25;0;0;0.25;1;0.5;0;;1066;1071;
Wall, semi-circular wall;1;1;1;0;0;0.25;0.5;1;;;950;1066;exactly: 2nd half of 10th c.
Place names, for warrior groups and signal fires;0.5;;;;;1;1;;;;NA;NA;unknown, we know these names only from late Medieval times, but it could be possible, they describe situations of previous times
Signal fires;1;1;0.25;0;0;0.25;1;0.5;0;;NA;NA;
Ship burning;1;1;1;1;;;;0;;;1000;1050;1st half of 11th c.
Sea Barriers;1;1;0.25;0;0;0.25;1;0.5;0;;1000;1100;perhaps 11th c. but actually unkown
Cultural differences;1;1;0.25;;;0.5;;0.5;0;;800;1066;
Parcelling;1;0.8;;0;0;0.5;1;1;;;800;1066;
Central authority;0.5;0.25;0.5;0.25;0;0.5;1;0.25;0;;800;1066;
Merchant association (guild) - organized economic system;0.5;0.5;0.5;0;0;1;1;0.5;0;;NA;NA;Unknown, we have knowledge about such societies from later times. It could be possible - and some scientists assume that - that we have such also in Viking Age
