Indicators;c1e;c2e;c3e;c4e;c5e;c1d;c2d;c3d;c4d;c5d;from;to;remarks
Mentions of conflicts in written sources (Wulfstan);1;1;0.5;0.5;;0.5;0.5;0.8;;;800;925;9th-early 10th c. AD
De-centralized power structure (equal ranked chieftains);1;0.8;;;;0.8;0.5;0.8;;;750;1250;ca. 750-1250 AD, maybe already earlier
Four-tiered social pyramid (social inequality);1;1;;;;1;1;0.5;;;750;1250;ca. 750-1250 AD, maybe already earlier
Narcotics (Mead);0.8;0.3;;;;1;0.6;0.8;;0;800;1000;9th-10th c. AD, probably much longer
High density of strongholds;1;0.9;0.8;0.5;;0.8;0.6;0.5;;0;-500;1100;500 BC-1100 AD, not all at the same time active
Amber as resource with high value (elsewhere);0.5;0.3;;;;0.3;;;;0;-500;1100;500 BC-1100 AD, peak in 1st-3rd c. AD
Open access to amber resources_1;0.3;0.2;;;;0.5;0.8;0.3;;0;-900;300;900 BC-300 AD
Open access to amber resources_2;0.3;0.2;;;;0.5;0.8;0.3;;0;400;1100;400-1100 AD
Long-distance trade_1;1;0.8;;;;1;1;1;;0;-500;300;500 BC-300 AD
Long-distance trade_2;1;0.8;;;;1;1;1;;0;750;1100;750-1100 AD
Long-distance trade_3;1;0.8;;;;1;1;1;;0;-900;-500;900-500 BC probable, but uncertain
Exceptionally high number of bronze finds in EBA (wealth);1;0.5;;;;0.5;0.5;;;0;-1200;-900;c. 1200-900 BC
Roman imports, rich jewellery (wealth);0.8;0.8;;;;0.9;0.5;0.5;;0;0;300;1st-3rd c. AD
Metalworking (weapons, jewellery)_1;0.3;0.9;0.2;0.1;;0.8;0.7;0.3;;0;0;300;1st-3rd c. AD
Metalworking (weapons, jewellery)_2;0.3;0.9;0.2;0.1;;0.8;0.7;0.3;;0;500;1100;5th-11th c. AD
Rich grave goods in burials (wealth, elite)_1;1;0.7;;;;0.3;0.6;0.2;;0;0;300;1st-3rd c. AD
Rich grave goods in burials (wealth, elite)_2;1;0.7;;;;0.3;0.6;0.2;;0;500;1100;5th-11th c. AD
War raid of King Hakon Haraldson;1;1;1;1;0.8;0.8;0;0;0.7;0;950;950;ca. 950 AD
Coexistence of Prussians and Scandinavians;1;1;0.2;;;1;0.8;0.5;;0;800;1100;ca. 800-1100 AD
Warrior aristocracy, weapons as status symbols;1;1;1;0.5;;0.5;1;0.3;;0;550;1100;ca. 550-1100 AD
Polyethnic inhabitants of trading settlements;1;1;0.2;;;1;0.8;0.8;;0;800;1100;ca. 800-1100 AD
Stable settlement chambers;0.1;0.1;;;;0.8;0.6;0.6;;0;0;1200;ca. 1st-12th c. AD, with some interruptions
Teutonic Order conquest;1;1;1;1;0.2;0.2;0.1;0.1;0.8;0;1200;1300;13th c.
Prussian uprising;1;1;1;1;;0.6;0.1;0.1;;0;1200;1300;13th c.
Longitudinal ramparts, borders;1;1;0.7;;;0.5;1;0.3;;0;1250;1350;ca. 1250-1350 AD
Settlement and population continuity;0.1;0.2;;;;0.8;0.2;;;0;0;1200;ca. 1st-12th c. AD
Migration (with the Goths);1;0.5;0.1;;;0.8;0.1;0.1;;0;300;400;4th c. AD
External connection breakdown around 300 CE;1;0.5;0.2;;;;;;;0;300;400;4th c. AD
Increasing number of hoard deposits (EIA);1;1;0.8;;;;0.5;0.1;;0;-600;-200;6th-3rd c. BC
Fire horizons in strongholds/ramparts_1;1;0.9;1;1;0.8;;;;0.1;0;-800;-200;ca. 800-200 BC
Fire horizons in strongholds/ramparts_2;1;0.9;1;1;0.8;;;;0.1;0;100;700;100-700 AD
Fire horizons in strongholds/ramparts_3;1;0.9;1;1;0.8;;;;0.1;0;1150;1300;1150-1300 AD
Roman weapons;1;0.5;0.3;0.5;;0.8;0.7;0.8;;0;0;300;1st-3rd c. AD
Strongholds as control points;1;1;0.8;0.3;;;1;;;0;1200;1350;ca. 1200-1350 AD
Border forests;0.3;;;;;;0.75;;;0;0;1200;ca. 1st-12th c. AD
Weapons;1;1;1;0.8;;0.5;0.3;;;0;-900;1300;900 BC-1300 AD
New exchange network;1;1;;;;1;0.6;0.8;;0;400;700;5th-7th c. AD
