Indicators;c1e;c2e;c3e;c4e;c5e;c1d;c2d;c3d;c4d;c5d;from;to
Multilingual area;0.5;0;0;0;0;0;0;0;0;0;901;2000
Language as a feature of elite groups;0.75;0;0;0;0;0;0;0;0;0;901;1800
Revolt (against linguistic innovation);0;0;0;1;1;0;0.25;0;0;0;930;930
(Foreign) legal networks;0;0.5;0;0;0;0;0;1;0;0;1201;1600
Urbanization;0;0.5;0;0;0;0;0;0;0;0;1201;1400
Massive migration;0.75;0;0;0;0;0;0;0;0;0;1101;1400
Protective statements (of speakers of Czech);0;0;0.5;0;0;0;0;0;0;0;1401;1800
Hussite movement;0;0;0;1;0;0;0;0;0;0;1401;1500
Defenestration;0;0;0;0.5;0;0;0;0;0;0;1618;1618
Battle (of White Mountain);0;0;0;1;0;0;0;0;0.75;0;1620;1620
Execution (of selected leaders);0;0;0;0.5;0;0;0;0.75;0;0;1621;1621
Linguistic discrimination;0;0;0.75;0;0;0;0;0;0;0;1601;1900
Linguistic dominance;0;0;0.75;0;0;0;0.75;0;0;0;1601;1900
National revival;0;0;0.5;0;0;0;0.5;0;0;0;1750;1850
Loss of cultural importance;0;0;0;0;0;0;0.75;0;0;0;1701;1800
Segregation (according to language);0.5;0;0;0;0;0;0;1;0;0;1880;1940
Annexation;0;0;0;1;0;0;0.25;0;0;0;1938;1945
Expulsion (of one linguistic group);0;0;0;0;1;0;0;0;1;0;1945;1945
