;c1e;c2e;c3e;c4e;c5e;c1d;c2d;c3d;c4d;c5d;from;to;remarks
Cut off from the bronze resource;0.75;1;;;;;;;;0;-2200;-1550;2200-1550 BC
Rich grave goods;1;;;;;;;;;0;-1750;-1100;1750-1100 BC
Social transformation_1;1;;;;;1;0.75;;;0;-1300;-1100;1300-1100 BC
Social transformation_2;1;;;;;1;0.75;;;0;-550;-500;after 600/500 BC
Egalitarian burial custom;;;;;;;1;1;;0;-1100;-500;1100-500 BC
Increase in weapons;;;1;1;;;;;;0;-1500;-1300;1500-1300 BC 
Open access to metal resources;;;;;;1;;;;0;-1500;-500;1500-500 BC
Potential for conflict, prestige and increasing social inequality;0.5;;;;;;;;;0;-1300;-1100;1300-1100 BC
Depositons;;;;;;;;0.25;;0;-2100;-500;2100-500 BC
Cooking stone pits;;;;;;1;;1;;;-1300;-500;1300-500 BC
Slight increase in weapons;;;0.5;0.5;;;;;;;-900;-900;around 900 BC
Pure weapon depots;;;;;;;0.5;1;;;-1100;-700;1100-700 BC
Depositons generally increases_1;;;;;;;1;;;;-1500;-1300;1500-1300 BC
Depositons generally increases_2;;;;;;;1;;;;-1100;-700;1100-700 BC
Defensive weapons;;;1;0.75;;;;;0;;-900;-500;900 BC onwards
Centres of wealth;1;;;;;0.75;;;0;;-900;-700;900-700 BC
Fences;;;;;;;1;;0;;-500;-500;500 BC onwards
Celtic fields;;;;;;;1;;0;;-600;-500;600 BC onwards
