;c1e;c2e;c3e;c4e;c5e;c1d;c2d;c3d;c4d;c5d;from;to
Loss of Palestinian engagement (Terra sancta);0.25;;;;;;;;;0;1150;1200
Fight the pagans in Prussia;;;;1;1;;1;;;0;1220;1416
Independent military power;;;1;1;;;;;;0;1226;1410
Teutonic Order vs House of Brandenburg;;;;1;0.25;;;;;0;1308;1350
Teutonic Order vs King of Poland/Lithuania;;1;1;;;;;;;0;1309;1525
Extension of territory in Prussia;1;1;1;1;;;0.5;1;;0;1309;1410
Great War;;;;1;;;;0.25;;0;1408;1410
1st Peace of Torun 1411;1;;;;;;;1;;0;1411;1411
Processus doctrinalis at the council of Constance;1;;;;;;1;;;;1416;1418
Thirteen Years War;;;1;1;;;;;;;1453;1466
Second Peace of Thorn 1466;0.5;;;;;;1;1;;;1466;1466
Oath of fealty of the Teutonic Order;;;;;;0.5;0.5;;0.25;0;1525;1525
