Indicators;c1e;c2e;c3e;c4e;c5e;c1d;c2d;c3d;c4d;c5d;from;to;remarks
Threat: physical violence_1;1;0.5;0.75;1;0.2;1;0.5;0;0;0;860;860;860 A.D.
Peace treaty;0.5;0.25;0;0;0;1;1;0.75;0.25;0;860;860;860 A.D.
Treaties: norm regulating_1;0.5;0.1;0.25;1;0;0.5;1;1;0;0;911;911;911 A.D.
Treaties: norm regulating_2;0.5;0.1;0.25;1;0;0.5;1;1;0;0;944;944;944 A.D.
Laws_1;0.5;1;0.25;1;0;0.5;0.75;1;0;0;911;911;911 A.D.
Laws_2;0.5;1;0.25;1;0;0.5;0.75;1;0;0;944;944;944 A.D.
Byzantine military services_1;0.5;0.25;0;0.75;0.5;1;0.9;1;0;0;934;934;934 A.D.
Byzantine military services_2;0.5;0.25;0;0.75;0.5;1;0.9;1;0;0;949;949;949 A.D.
Byzantine military services_3;0.5;0.25;0;0.75;0.5;1;0.9;1;0;0;955;955;955 A.D.
Byzantine military services_4;0.5;0.25;0;0.75;0.5;1;0.9;1;0;0;961;961;961 A.D.
Economic benefits;0.9;0.75;1;0;0;0.9;0.75;0.25;0;0;800;1000;9th to end 10th century
Military alliance;0.9;0.75;0.5;1;0.75;1;1;0.9;0;0;987;987;987 A.D.
Threat: physical violence_2;1;1;0.9;1;0;0.25;0.5;0.75;0;0;987;989;ca. 987 to 989 A.D.
Dynastic wedding;0.75;0.9;0;0;0;0.9;0.9;1;0;0;988;988;ca. 988 A.D.
Cede of territorial claim;0.5;0.25;0;0;0;0.75;0.5;0;0;0;988;988;ca. 988 A.D.
Religious conversion;1;1;0.75;0.25;0;0.25;0.75;0.25;1;0;988;1050;ca. 988 A.D. to mid 11th century
Objective regulation of succession;1;1;0.9;0.75;1;0.25;0.5;0.5;0.75;0;988;1015;ca. 988 to 1015 A.D.
Migration: Byzantine population;0.25;0.25;0;0;0;1;0.75;0.9;0;0;988;1100;ca. 988 to end 11th century
Transformation of the architectural landscape_1;0.75;0.75;0.5;0;0;1;0.5;0.25;0;0;989;996;ca. 989 to 996 A.D.
Transformation of the architectural landscape_2;0.75;0.75;0.5;0;0;1;0.5;0.25;0;0;1037;1037;1037 A.D.
Prestigious building: prominent location;0.9;1;0.75;0.4;1;0.9;0.25;0;0;0;989;996;ca. 989 to 996 A.D.
Prestigious building: foreign stylistic influences_1;0.5;0;0;0;0;0.75;0.25;0;0;0;989;996;ca. 989 to 996 A.D.
Prestigious building: foreign stylistic influences_2;0.5;0;0;0;0;0.75;0.25;0;0;0;1037;1037;1037 A.D.
Prestigious building: seat of power;0.5;0.25;0;0;0;0.75;1;1;0;0;1037;1100;ca. 1037 A.D. to end 11th century
Religious conversion: resistance_1;1;0.75;0.9;1;0.5;0.5;0.4;1;0.75;0;983;983;983 A.D.
Religious conversion: resistance_2;1;0.75;0.9;1;0.5;0.5;0.4;1;0.75;0;988;1050;ca. 988 A.D. to mid 11th century
Binding jurisdiction;0.75;0.25;0.25;0.25;0;0.75;1;1;1;0;988;1015;ca. 988 to 1015 A.D.
Law: written fixation;1;0.25;0;0;0;0.5;1;1;1;0;1015;1100;after 1015 A.D.
Veneration of saints and rulers;0.4;1;0;0;0;0.5;0.75;0.75;0.25;0;1000;1100;after end 10th century
Religion: identity-forming;0.25;0.25;0;0;0;0.75;0.9;0.75;0;0;980;1100;after 980 A.D.
Familiar missionary language: Old Church Slavonic;0.25;1;0;0;0;0.25;1;0.75;0;0;851;1100;2nd half 9th century to end 11th century
Representatives of the political administration;0.5;0.75;0.25;1;0;1;1;1;0;0;988;1015;ca. 988 A.D to 1015 A.D.
